time_s,voltage_v,current_a
0.0,1.00,0.00005
1.0,0.96,0.00005
2.0,0.92,0.00005
3.0,0.88,0.00005
4.0,0.84,0.00005
5.0,0.80,0.00005
6.0,0.76,0.00005
7.0,0.72,0.00005
8.0,0.68,0.00005
9.0,0.64,0.00005
10.0,0.60,0.00005
