potential_v,current_a
0.00,0.00000
0.05,0.00005
0.10,0.00010
0.15,0.00015
0.20,0.00020
0.25,0.00024
0.30,0.00027
0.35,0.00029
0.40,0.00030
0.45,0.00030
0.50,0.00029
0.55,0.00027
0.60,0.00024
0.55,-0.00024
0.50,-0.00027
0.45,-0.00029
0.40,-0.00030
0.35,-0.00030
0.30,-0.00029
0.25,-0.00027
0.20,-0.00024
0.15,-0.00020
0.10,-0.00015
0.05,-0.00010
0.00,-0.00005
