time_s,current_a
0.001,0.001050
0.005,0.000470
0.010,0.000335
0.020,0.000240
0.050,0.000155
0.100,0.000115
0.200,0.000085
0.500,0.000056
1.000,0.000041
2.000,0.000029
5.000,0.000018
10.000,0.000013